row_id,position
0,1.4101963608146617
1,0.054631959843414624
2,2.0
3,2.0
4,1.5106486592474693
5,2.0
6,2.0
7,2.0
8,2.0
9,1.7530650593044244
