row_id,position
0,0.9043068056314318
1,0.0
2,2.0
3,2.0
4,0.9732341074226254
5,2.0
6,2.0
7,2.0
8,2.0
9,1.8055750611457861
